"日期","收盘","开盘","高","低","交易量","涨跌幅"
"2026-5-3","681.61","674.66","682.77","668.90","71.64M","1.11%"
"2026-4-26","674.15","663.40","675.97","653.81","178.38M","1.55%"
"2026-4-19","663.88","648.04","664.51","642.21","199.75M","2.32%"
"2026-4-12","648.85","609.48","650.00","608.11","228.81M","6.18%"
"2026-4-5","611.07","586.23","613.67","578.40","220.02M","4.46%"
"2026-3-29","584.98","567.38","587.74","555.60","296.86M","3.98%"
"2026-3-22","562.58","590.52","595.08","561.57","372.36M","-3.35%"
"2026-3-15","582.06","600.04","605.90","578.54","319.87M","-1.96%"
"2026-3-8","593.72","594.22","613.29","591.33","352.24M","-1.01%"
"2026-3-1","599.75","598.86","612.88","591.87","419.13M","-1.24%"
"2026-2-22","607.29","606.60","616.83","599.05","338.90M","-0.25%"
"2026-2-15","608.81","598.38","610.35","593.34","268.35M","1.14%"
"2026-2-8","601.92","607.54","617.52","596.42","319.93M","-1.27%"
"2026-2-1","609.65","618.70","629.98","594.76","379.48M","-1.97%"
"2026-1-25","621.87","623.21","636.60","618.27","271.27M","-0.14%"
"2026-1-18","622.72","610.53","625.40","607.05","247.73M","0.23%"
"2026-1-11","621.26","622.31","630.00","614.56","269.46M","-0.86%"
"2026-1-4","626.65","619.32","627.94","616.72","234.97M","2.21%"
"2025-12-28","613.12","620.10","622.85","610.15","166.29M","-1.73%"
"2025-12-21","623.89","621.35","625.52","617.77","132.25M","1.11%"
"2025-12-14","617.05","618.37","618.42","600.28","314.59M","0.56%"
"2025-12-7","613.62","627.21","629.21","611.36","269.08M","-1.90%"
"2025-11-30","625.48","613.63","628.92","612.52","244.02M","1.01%"
"2025-11-23","619.25","595.28","619.32","595.16","183.16M","4.95%"
"2025-11-16","590.07","606.30","614.03","580.74","441.38M","-3.09%"
"2025-11-9","608.86","618.92","624.86","597.17","299.65M","-0.14%"
"2025-11-2","609.74","635.11","635.82","598.67","303.62M","-3.07%"
"2025-10-26","629.07","624.52","637.01","624.03","310.65M","1.94%"
"2025-10-19","617.10","607.14","618.42","599.74","242.26M","2.18%"
"2025-10-12","603.93","599.68","608.31","590.13","340.89M","2.45%"
"2025-10-5","589.50","608.45","613.18","589.05","293.97M","-2.27%"
"2025-9-28","603.18","599.11","607.33","596.10","232.01M","1.21%"
"2025-9-21","595.97","597.74","602.87","588.50","296.90M","-0.56%"
"2025-9-14","599.35","588.44","600.05","584.36","269.95M","2.16%"
"2025-9-7","586.66","578.37","587.86","577.04","235.18M","1.84%"
"2025-8-31","576.06","561.31","581.12","559.53","235.98M","0.99%"
"2025-8-24","570.40","570.40","578.00","568.54","207.89M","-0.27%"
"2025-8-17","571.97","576.44","577.77","558.84","258.30M","-0.93%"
"2025-8-10","577.34","574.69","583.32","571.57","211.50M","0.49%"
"2025-8-3","574.55","559.05","574.77","558.95","217.88M","3.73%"
"2025-7-27","553.88","567.74","574.63","551.68","254.41M","-2.21%"
"2025-7-20","566.37","562.09","567.70","558.61","195.99M","0.91%"
"2025-7-13","561.26","553.99","564.73","551.56","222.95M","1.27%"
"2025-7-6","554.20","553.52","557.63","549.58","198.88M","-0.36%"
"2025-6-29","556.22","551.26","557.20","544.66","164.70M","1.48%"
"2025-6-22","548.09","526.81","549.99","523.65","242.30M","4.04%"
"2025-6-15","526.83","530.50","535.37","524.88","185.43M","-0.02%"
"2025-6-8","526.96","530.14","536.78","525.73","217.97M","-0.56%"
"2025-6-1","529.92","517.24","533.05","515.97","233.95M","2.08%"
"2025-5-25","519.11","516.15","526.48","511.93","220.25M","1.94%"
"2025-5-18","509.24","514.24","523.00","505.58","280.32M","-2.35%"
"2025-5-11","521.51","506.99","521.93","501.48","243.92M","6.87%"
"2025-5-4","487.97","484.60","492.70","476.78","166.55M","-0.18%"
"2025-4-27","488.83","473.03","490.91","462.43","193.51M","3.44%"
"2025-4-20","472.56","438.23","473.09","427.93","236.91M","6.41%"
"2025-4-13","444.10","464.46","465.05","437.76","173.16M","-2.27%"
"2025-4-6","454.40","408.66","467.83","402.39","566.55M","7.51%"
"2025-3-30","422.67","461.92","479.56","422.67","331.60M","-9.87%"
"2025-3-23","468.94","487.74","493.62","468.05","175.48M","-2.47%"
"2025-3-16","480.84","479.61","485.84","472.41","200.26M","0.25%"
"2025-3-9","479.66","483.45","483.97","466.43","282.53M","-2.47%"
"2025-3-2","491.79","511.52","513.04","480.53","271.08M","-3.22%"
"2025-2-23","508.17","527.88","529.07","496.93","222.77M","-3.40%"
"2025-2-16","526.08","539.73","540.81","525.71","113.88M","-2.24%"
"2025-2-9","538.15","527.22","538.84","521.95","111.77M","2.91%"
"2025-2-2","522.92","513.47","532.10","511.05","136.80M","0.12%"
"2025-1-26","522.29","511.00","531.52","510.15","186.89M","-1.39%"
"2025-1-19","529.63","524.48","533.82","520.06","100.20M","1.51%"
"2025-1-12","521.74","501.20","524.07","499.70","180.46M","2.87%"
"2025-1-5","507.19","524.02","527.92","503.92","144.11M","-2.20%"
"2024-12-29","518.58","515.51","519.65","505.71","129.15M","-0.76%"
"2024-12-22","522.56","519.55","531.24","516.13","100.21M","0.75%"
"2024-12-15","518.66","533.08","539.15","509.29","222.23M","-2.24%"
"2024-12-8","530.53","525.55","533.17","519.16","129.55M","0.77%"
"2024-12-1","526.48","511.01","526.72","510.62","111.76M","3.28%"
"2024-11-24","509.74","509.90","511.45","501.93","93.22M","0.78%"
"2024-11-17","505.79","498.13","506.96","496.55","139.64M","1.86%"
"2024-11-10","496.57","515.37","515.58","494.49","154.71M","-3.42%"
"2024-11-3","514.14","486.82","514.92","484.26","146.50M","5.48%"
"2024-10-27","487.43","498.46","501.35","483.75","153.15M","-1.59%"
"2024-10-20","495.32","493.25","500.28","485.05","157.16M","0.17%"
"2024-10-13","494.47","495.77","498.83","487.57","136.39M","0.22%"
"2024-10-6","493.36","485.39","494.47","480.87","124.64M","1.24%"
"2024-9-29","487.32","485.78","488.41","477.40","152.89M","0.12%"
"2024-9-22","486.75","482.95","493.70","480.17","132.22M","0.89%"
"2024-9-15","482.44","473.19","486.23","469.89","179.94M","1.49%"
"2024-9-8","475.34","453.06","476.53","449.82","189.79M","5.94%"
"2024-9-1","448.69","473.20","473.33","448.19","162.57M","-5.79%"
"2024-8-25","476.27","479.45","480.38","467.89","166.88M","-0.78%"
"2024-8-18","480.00","475.17","485.54","473.37","152.41M","1.05%"
"2024-8-11","475.03","451.39","476.41","448.55","179.28M","5.47%"
"2024-8-4","450.41","424.71","452.06","423.45","287.04M","0.37%"
"2024-7-28","448.75","465.71","475.55","444.47","237.06M","-3.07%"
"2024-7-21","462.97","481.16","484.43","455.63","221.65M","-2.58%"
"2024-7-14","475.24","496.61","501.01","473.94","204.76M","-3.96%"
"2024-7-7","494.82","496.53","503.52","490.73","162.93M","-0.27%"
"2024-6-30","496.16","480.04","496.60","476.26","98.18M","3.56%"
"2024-6-23","479.11","478.18","487.20","473.82","150.84M","-0.22%"
"2024-6-16","480.18","479.46","486.86","478.14","134.84M","0.21%"
"2024-6-9","479.19","461.82","479.26","461.53","126.54M","3.51%"
"2024-6-2","462.96","454.57","465.74","447.90","138.38M","2.72%"
"2024-5-26","450.71","459.18","459.74","443.05","142.61M","-1.58%"
"2024-5-19","457.95","451.98","460.58","451.79","143.33M","1.37%"
"2024-5-12","451.76","443.99","454.69","441.65","169.52M","2.19%"
"2024-5-5","442.06","437.30","444.31","436.52","137.82M","1.51%"
"2024-4-28","435.48","433.13","436.48","420.63","211.01M","1.04%"
"2024-4-21","431.00","417.31","432.55","413.94","239.90M","3.94%"
"2024-4-14","414.65","442.06","442.15","413.07","289.73M","-5.39%"
"2024-4-7","438.27","441.41","446.33","436.28","228.31M","-0.50%"
"2024-3-31","440.47","444.97","447.53","435.11","234.95M","-0.80%"
"2024-3-24","444.01","443.55","447.23","441.93","140.13M","-0.53%"
"2024-3-17","446.38","438.73","449.34","433.33","201.58M","2.87%"
"2024-3-10","433.92","437.51","444.02","432.74","264.36M","-1.16%"
"2024-3-3","439.02","445.61","448.64","433.65","255.10M","-1.48%"
"2024-2-25","445.61","437.60","446.58","434.30","186.04M","2.02%"
"2024-2-18","436.78","428.55","440.59","421.63","197.92M","1.44%"
"2024-2-11","430.57","436.94","439.14","425.33","235.30M","-1.48%"
"2024-2-4","437.05","429.07","437.85","425.00","180.28M","1.87%"
"2024-1-28","429.01","424.27","430.24","416.79","250.06M","1.23%"
"2024-1-21","423.81","423.41","429.85","420.57","206.34M","0.62%"
"2024-1-14","421.18","408.31","421.34","402.92","228.18M","2.84%"
"2024-1-7","409.56","397.99","411.25","397.84","209.70M","3.23%"
"2023-12-31","396.75","405.84","406.09","395.34","189.38M","-3.12%"
"2023-12-24","409.52","409.04","412.92","407.58","124.39M","0.33%"
"2023-12-17","408.17","404.72","410.25","402.69","216.25M","0.75%"
"2023-12-10","405.13","391.53","406.33","391.32","254.17M","3.36%"
"2023-12-3","391.96","385.89","392.41","382.46","232.40M","0.57%"
"2023-11-26","389.73","388.81","393.93","385.62","201.77M","0.11%"
"2023-11-19","389.31","385.85","392.86","385.85","147.77M","0.90%"
"2023-11-12","385.84","376.59","387.55","375.04","254.63M","2.02%"
"2023-11-5","378.19","368.30","378.34","366.72","237.52M","2.90%"
"2023-10-29","367.52","347.65","368.83","346.27","273.41M","6.49%"
"2023-10-22","345.13","353.08","359.72","342.17","321.04M","-2.62%"
"2023-10-15","354.41","366.43","370.29","354.18","294.32M","-2.92%"
"2023-10-8","365.09","362.11","373.54","360.59","232.60M","0.16%"
"2023-10-1","364.51","358.35","365.72","353.09","287.84M","1.79%"
"2023-9-24","358.08","356.74","362.76","351.18","270.18M","0.10%"
"2023-9-17","357.72","369.13","371.60","357.40","241.36M","-3.48%"
"2023-9-10","370.61","375.46","378.07","369.67","245.48M","-0.48%"
"2023-9-3","372.38","376.57","379.11","368.96","163.25M","-1.33%"
"2023-8-27","377.39","366.80","380.63","364.06","216.67M","3.73%"
"2023-8-20","363.83","359.43","372.54","358.39","283.88M","1.64%"
"2023-8-13","357.94","365.24","370.28","354.52","264.66M","-2.21%"
"2023-8-6","366.05","373.68","375.09","364.50","253.85M","-1.56%"
"2023-7-30","371.85","383.59","384.68","371.33","267.57M","-2.98%"
"2023-7-23","383.28","376.42","384.51","374.14","247.19M","2.09%"
"2023-7-16","375.43","379.60","387.78","374.99","282.75M","-0.91%"
"2023-7-9","378.87","365.77","382.66","363.22","250.52M","3.50%"
"2023-7-2","366.05","369.88","371.82","364.33","150.40M","-0.86%"
"2023-6-25","369.23","361.81","370.30","357.40","253.48M","1.90%"
"2023-6-18","362.35","365.76","368.13","360.03","199.11M","-1.46%"
"2023-6-11","367.74","356.00","372.65","355.01","323.51M","3.79%"
"2023-6-4","354.31","354.24","357.47","348.00","258.23M","-0.04%"
"2023-5-28","354.46","352.52","355.64","346.33","241.62M","1.79%"
"2023-5-21","348.22","336.07","349.06","329.39","283.99M","3.53%"
"2023-5-14","336.33","325.34","338.03","323.79","246.65M","3.53%"
"2023-5-7","324.86","322.25","327.00","321.15","221.39M","0.66%"
"2023-4-30","322.72","321.92","323.59","314.95","259.44M","0.10%"
"2023-4-23","322.39","316.21","322.48","309.73","281.71M","1.88%"
"2023-4-16","316.44","317.98","321.25","313.93","250.18M","-0.62%"
"2023-4-9","318.40","314.90","320.19","312.40","258.95M","0.16%"
"2023-4-2","317.88","318.60","321.46","312.66","202.71M","-0.90%"
"2023-3-26","320.76","311.44","321.00","304.61","272.64M","3.23%"
"2023-3-19","310.73","304.10","315.08","301.85","313.73M","1.81%"
"2023-3-12","305.20","286.58","308.99","285.04","442.84M","5.83%"
"2023-3-5","288.40","300.78","303.84","287.23","343.62M","-3.71%"
"2023-2-26","299.52","294.92","299.76","288.22","269.78M","2.68%"
"2023-2-19","291.70","297.10","298.57","289.90","241.54M","-3.09%"
"2023-2-12","301.00","300.97","309.11","297.94","264.87M","0.49%"
"2023-2-5","299.54","303.35","310.87","297.09","264.30M","-2.12%"
"2023-1-29","306.02","292.78","313.52","289.74","322.92M","3.35%"
"2023-1-22","296.10","283.39","298.10","281.03","256.58M","4.80%"
"2023-1-15","282.53","280.62","284.54","273.75","188.79M","0.61%"
"2023-1-8","280.82","270.69","281.07","268.83","230.30M","4.53%"
"2023-1-1","268.66","268.51","270.01","260.20","190.15M","0.95%"
"2022-12-25","266.14","266.60","267.27","259.59","168.90M","-0.40%"
"2022-12-18","267.22","273.73","274.64","262.32","241.28M","-2.51%"
"2022-12-11","274.11","282.07","296.72","272.47","310.24M","-2.76%"
"2022-12-4","281.89","290.23","291.53","278.63","231.49M","-3.59%"
"2022-11-27","292.40","284.75","295.60","279.02","254.34M","1.96%"
"2022-11-20","286.77","283.25","289.31","280.31","143.85M","0.74%"
"2022-11-13","284.67","285.71","293.11","280.57","286.98M","-1.09%"
"2022-11-6","287.81","265.61","288.49","262.89","341.63M","8.80%"
"2022-10-30","264.54","278.77","281.92","258.94","321.79M","-5.88%"
"2022-10-23","281.07","275.55","284.45","271.83","307.29M","2.11%"
"2022-10-16","275.27","266.70","277.06","266.60","325.98M","5.63%"
"2022-10-9","260.60","269.16","271.67","254.13","367.63M","-3.11%"
"2022-10-2","268.96","268.93","284.03","267.39","308.58M","0.69%"
"2022-9-25","267.12","274.89","281.10","266.96","380.31M","-2.99%"
"2022-9-18","275.36","285.95","293.80","271.88","324.39M","-4.77%"
"2022-9-11","289.17","308.34","310.92","285.47","325.60M","-5.79%"
"2022-9-4","306.93","295.51","307.44","290.72","218.04M","4.04%"
"2022-8-28","295.02","304.46","307.06","292.80","272.21M","-3.99%"
"2022-8-21","307.28","318.33","321.34","307.19","235.80M","-4.78%"
"2022-8-14","322.69","329.25","334.24","321.91","221.00M","-2.28%"
"2022-8-7","330.22","322.52","330.41","315.25","222.12M","2.69%"
"2022-7-31","321.58","313.48","324.55","311.68","241.64M","1.99%"
"2022-7-24","315.29","301.86","316.22","293.39","272.60M","4.46%"
"2022-7-17","301.83","294.57","308.39","288.05","294.64M","3.47%"
"2022-7-10","291.72","292.73","292.96","279.65","312.57M","-1.18%"
"2022-7-3","295.20","278.16","296.59","276.61","241.54M","4.69%"
"2022-6-26","281.98","295.85","296.42","275.64","309.31M","-4.24%"
"2022-6-19","294.45","278.60","294.89","277.76","234.99M","7.25%"
"2022-6-12","274.55","279.60","286.68","269.14","409.80M","-4.90%"
"2022-6-5","288.69","310.59","312.19","288.23","276.89M","-5.67%"
"2022-5-29","306.04","308.91","314.39","303.24","246.52M","-0.94%"
"2022-5-22","308.94","289.60","309.09","282.10","330.73M","7.07%"
"2022-5-15","288.53","299.99","306.40","280.06","373.07M","-4.39%"
"2022-5-8","301.78","303.32","309.19","284.79","582.43M","-2.36%"
"2022-5-1","309.09","312.67","330.12","304.95","603.96M","-1.28%"
"2022-4-24","313.09","323.56","329.73","312.44","510.21M","-3.73%"
"2022-4-17","325.23","337.17","347.69","324.79","338.94M","-3.85%"
"2022-4-10","338.25","344.63","347.51","337.86","273.78M","-3.07%"
"2022-4-3","348.97","362.52","369.12","348.32","324.50M","-3.51%"
"2022-3-27","361.66","359.15","371.64","357.88","315.20M","0.70%"
"2022-3-20","359.16","350.02","360.48","345.39","318.90M","2.24%"
"2022-3-13","351.30","322.96","351.61","317.28","414.77M","8.35%"
"2022-3-6","324.23","337.11","338.30","319.77","406.40M","-3.82%"
"2022-2-27","337.12","342.33","349.86","334.74","363.63M","-2.45%"
"2022-2-20","345.59","338.31","345.80","318.09","381.64M","1.25%"
"2022-2-13","341.33","346.31","356.90","338.96","336.40M","-1.60%"
"2022-2-6","346.88","358.43","366.62","345.62","392.72M","-3.06%"
"2022-1-30","357.82","353.02","369.91","351.33","429.24M","1.77%"
"2022-1-23","351.61","345.72","356.69","333.98","673.83M","0.03%"
"2022-1-16","351.51","373.84","376.02","351.22","389.60M","-7.45%"
"2022-1-9","379.81","374.62","389.99","369.12","372.76M","0.04%"
"2022-1-2","379.66","398.84","402.07","377.84","317.81M","-4.52%"
"2021-12-26","397.64","398.04","404.37","397.13","156.79M","0.23%"
"2021-12-19","396.71","379.37","398.22","377.27","180.87M","3.12%"
"2021-12-12","384.71","397.79","398.27","381.57","363.46M","-3.29%"
"2021-12-5","397.80","383.43","399.99","379.10","265.32M","3.88%"
"2021-11-28","382.93","395.68","400.98","378.70","403.92M","-2.06%"
"2021-11-21","390.99","405.36","408.49","389.57","230.30M","-3.17%"
"2021-11-14","403.78","395.70","405.09","391.89","181.21M","2.35%"
"2021-11-7","394.49","398.36","399.41","387.33","201.66M","-0.98%"
"2021-10-31","398.39","386.36","400.78","384.22","173.30M","3.23%"
"2021-10-24","385.91","375.36","386.08","373.36","200.87M","3.21%"
"2021-10-17","373.90","367.42","377.27","366.80","156.74M","1.40%"
"2021-10-10","368.75","359.39","368.87","356.29","202.73M","2.15%"
"2021-10-3","360.97","358.33","365.50","350.14","262.04M","0.27%"
"2021-9-26","359.99","370.01","371.06","354.19","316.88M","-3.52%"
"2021-9-19","373.13","367.27","373.84","360.74","245.81M","-0.13%"
"2021-9-12","373.63","378.79","379.23","372.56","220.77M","-0.73%"
"2021-9-5","376.39","381.48","382.58","376.05","126.57M","-1.31%"
"2021-8-29","381.37","376.65","382.51","376.63","135.19M","1.47%"
"2021-8-22","375.84","368.61","376.36","368.60","132.45M","2.26%"
"2021-8-15","367.54","367.48","368.83","359.77","206.36M","-0.30%"
"2021-8-8","368.63","368.33","369.37","364.10","140.68M","0.21%"
"2021-8-1","367.86","366.09","369.72","361.81","147.27M","0.95%"
"2021-7-25","364.38","367.30","368.70","359.97","190.60M","-0.99%"
"2021-7-18","368.01","353.86","368.29","351.86","199.06M","2.96%"
"2021-7-11","357.41","362.26","365.30","357.05","201.43M","-0.94%"
"2021-7-4","360.82","359.07","362.57","354.23","160.18M","0.66%"
"2021-6-27","358.45","350.60","358.78","350.54","163.30M","2.63%"
"2021-6-20","349.28","342.25","351.27","339.97","150.39M","1.99%"
"2021-6-13","342.45","341.50","346.20","337.27","234.33M","0.41%"
"2021-6-6","341.06","334.87","341.07","334.16","136.30M","1.68%"
"2021-5-30","335.42","335.12","335.88","328.11","128.99M","0.50%"
"2021-5-23","333.76","329.20","335.39","326.73","147.06M","2.12%"
"2021-5-16","326.84","324.46","330.69","316.13","239.04M","0.19%"
"2021-5-9","326.22","332.61","332.79","315.83","338.08M","-2.34%"
"2021-5-2","334.02","339.05","339.82","326.04","241.24M","-1.12%"
"2021-4-25","337.81","339.49","342.62","336.72","173.59M","-0.42%"
"2021-4-18","339.24","340.21","341.40","333.80","191.56M","-0.76%"
"2021-4-11","341.83","335.86","342.05","334.55","175.97M","1.45%"
"2021-4-4","336.93","326.96","337.14","324.47","174.36M","3.86%"
"2021-3-28","324.40","315.28","324.54","311.38","209.96M","2.71%"
"2021-3-21","315.83","315.05","320.92","307.23","316.70M","0.91%"
"2021-3-14","312.98","315.62","324.03","309.50","337.70M","-0.74%"
"2021-3-7","315.29","307.96","319.69","299.35","368.40M","2.20%"
"2021-2-28","308.52","319.10","324.16","297.29","444.49M","-1.74%"
"2021-2-21","313.98","326.33","327.63","310.72","417.63M","-5.10%"
"2021-2-14","330.85","337.09","338.01","328.19","129.94M","-1.61%"
"2021-2-7","336.27","332.92","336.44","329.33","108.52M","1.54%"
"2021-1-31","331.19","317.94","332.23","315.85","139.48M","5.34%"
"2021-1-24","314.39","328.74","330.15","312.60","217.94M","-3.34%"
"2021-1-17","325.25","314.08","326.96","312.96","102.19M","4.35%"
"2021-1-10","311.70","315.81","317.36","310.42","143.65M","-2.25%"
"2021-1-3","318.86","314.95","319.22","305.02","191.79M","1.69%"
"2020-12-27","313.58","312.09","314.52","310.20","88.12M","1.35%"
"2020-12-20","309.40","306.30","310.55","303.44","101.46M","-0.16%"
"2020-12-13","309.90","302.92","311.82","302.85","144.96M","2.72%"
"2020-12-6","301.69","305.55","308.44","297.93","142.31M","-1.20%"
"2020-11-29","305.36","299.14","305.72","294.63","121.26M","2.18%"
"2020-11-22","298.85","291.26","300.01","287.92","91.88M","2.97%"
"2020-11-15","290.23","290.53","293.59","288.70","128.71M","-0.19%"
"2020-11-8","290.78","297.15","298.98","280.47","251.06M","-1.25%"
"2020-11-1","294.45","271.59","295.23","266.83","252.33M","9.37%"
"2020-10-25","269.24","282.17","285.15","266.93","231.58M","-5.39%"
"2020-10-18","284.59","290.34","291.33","280.67","155.11M","-1.31%"
"2020-10-11","288.36","290.45","297.30","286.39","263.88M","0.98%"
"2020-10-4","285.56","276.20","285.64","274.11","161.07M","4.16%"
"2020-9-27","274.17","276.47","282.73","271.53","260.52M","1.01%"
"2020-9-20","271.42","262.38","272.94","259.97","273.01M","1.76%"
"2020-9-13","266.73","274.14","280.30","262.49","290.63M","-1.32%"
"2020-9-6","270.31","272.13","282.05","266.76","305.88M","-4.63%"
"2020-8-30","283.43","293.01","303.34","271.66","357.60M","-3.06%"
"2020-8-23","292.38","284.91","293.70","281.12","191.01M","3.78%"
"2020-8-16","281.72","273.77","282.19","272.05","142.80M","3.57%"
"2020-8-9","272.02","271.60","274.69","264.49","179.78M","0.25%"
"2020-8-2","271.33","267.91","274.84","267.73","151.70M","2.14%"
"2020-7-26","265.65","257.23","265.81","256.31","190.84M","4.00%"
"2020-7-19","255.43","259.98","268.27","251.19","219.34M","-1.49%"
"2020-7-12","259.28","266.73","269.65","252.63","273.59M","-1.72%"
"2020-7-5","263.83","255.33","264.09","255.30","174.79M","4.67%"
"2020-6-28","252.06","239.85","254.14","237.23","139.93M","4.98%"
"2020-6-21","240.09","243.64","251.02","239.55","192.63M","-1.65%"
"2020-6-14","244.11","232.32","246.87","231.35","208.95M","3.54%"
"2020-6-7","235.76","239.41","247.68","231.62","271.02M","-1.59%"
"2020-5-31","239.56","232.28","240.17","231.88","182.83M","2.71%"
"2020-5-24","233.24","233.32","233.48","223.82","182.61M","1.61%"
"2020-5-17","229.54","226.16","232.01","225.35","188.66M","2.86%"
"2020-5-10","223.15","223.38","227.98","215.88","249.59M","-0.71%"
"2020-5-3","224.74","211.50","224.88","211.01","177.67M","5.70%"
"2020-4-26","212.63","216.07","219.92","211.10","224.18M","-0.51%"
"2020-4-19","213.73","213.16","215.77","203.52","228.95M","-0.67%"
"2020-4-12","215.18","199.82","216.40","198.65","281.37M","7.18%"
"2020-4-5","200.76","190.28","203.11","189.09","248.93M","9.54%"
"2020-3-29","183.27","187.00","195.15","180.76","269.68M","-1.04%"
"2020-3-22","185.20","170.83","192.62","164.84","447.01M","8.55%"
"2020-3-15","170.61","174.06","184.58","166.71","567.35M","-11.25%"
"2020-3-8","192.24","193.38","204.19","176.85","578.89M","-7.54%"
"2020-3-1","207.91","208.77","219.49","202.80","486.51M","1.08%"
"2020-2-23","205.69","221.72","224.13","198.07","533.74M","-10.63%"
"2020-2-16","230.15","233.35","237.35","229.20","155.41M","-1.86%"
"2020-2-9","234.52","228.31","234.81","228.26","122.36M","2.37%"
"2020-2-2","229.08","220.02","230.32","219.88","143.05M","4.62%"
"2020-1-26","218.96","217.61","223.44","217.07","189.64M","-1.63%"
"2020-1-19","222.58","222.61","225.76","221.55","105.82M","-0.30%"
"2020-1-12","223.26","219.20","223.44","218.87","116.29M","2.27%"
"2020-1-5","218.32","212.38","219.76","212.13","116.87M","1.98%"